fecha,instrumento,precio
2025-01-02,USDCLP,934.34
2025-01-02,BTP30,5.5583
2025-01-02,TREASURY 10Y,4.2685
2025-01-03,USDCLP,934.18
2025-01-03,BTP30,5.5887
2025-01-03,TREASURY 10Y,4.2626
2025-01-06,USDCLP,931.68
2025-01-06,BTP30,5.5738
2025-01-06,TREASURY 10Y,4.2402
2025-01-07,USDCLP,935.82
2025-01-07,BTP30,5.5739
2025-01-07,TREASURY 10Y,4.243
2025-01-08,USDCLP,937.15
2025-01-08,BTP30,5.5602
2025-01-08,TREASURY 10Y,4.2304
2025-01-09,USDCLP,934.68
2025-01-09,BTP30,5.5646
2025-01-09,TREASURY 10Y,4.2472
2025-01-10,USDCLP,940.05
2025-01-10,BTP30,5.5661
2025-01-10,TREASURY 10Y,4.2281
2025-01-13,USDCLP,940.11
2025-01-13,BTP30,5.5563
2025-01-13,TREASURY 10Y,4.2331
2025-01-14,USDCLP,941.03
2025-01-14,BTP30,5.6043
2025-01-14,TREASURY 10Y,4.2296
2025-01-15,USDCLP,938.61
2025-01-15,BTP30,5.5561
2025-01-15,TREASURY 10Y,4.2311
2025-01-16,USDCLP,944.4
2025-01-16,BTP30,5.5643
2025-01-16,TREASURY 10Y,4.2349
2025-01-17,USDCLP,941.73
2025-01-17,BTP30,5.5599
2025-01-17,TREASURY 10Y,4.2532
2025-01-20,USDCLP,939.51
2025-01-20,BTP30,5.5652
2025-01-20,TREASURY 10Y,4.2622
2025-01-21,USDCLP,937.58
2025-01-21,BTP30,5.5737
2025-01-21,TREASURY 10Y,4.2518
2025-01-22,USDCLP,935.78
2025-01-22,BTP30,5.5906
2025-01-22,TREASURY 10Y,4.2486
2025-01-23,USDCLP,935.79
2025-01-23,BTP30,5.6154
2025-01-23,TREASURY 10Y,4.253
2025-01-24,USDCLP,930.82
2025-01-24,BTP30,5.6129
2025-01-24,TREASURY 10Y,4.2503
2025-01-27,USDCLP,930.7
2025-01-27,BTP30,5.6266
2025-01-27,TREASURY 10Y,4.2582
2025-01-28,USDCLP,929.37
2025-01-28,BTP30,5.6541
2025-01-28,TREASURY 10Y,4.2528
2025-01-29,USDCLP,926.71
2025-01-29,BTP30,5.6506
2025-01-29,TREASURY 10Y,4.2655
2025-01-30,USDCLP,932.34
2025-01-30,BTP30,5.6382
2025-01-30,TREASURY 10Y,4.2688
2025-01-31,USDCLP,936.11
2025-01-31,BTP30,5.6558
2025-01-31,TREASURY 10Y,4.2644
2025-02-03,USDCLP,934.92
2025-02-03,BTP30,5.6784
2025-02-03,TREASURY 10Y,4.2574
2025-02-04,USDCLP,932.28
2025-02-04,BTP30,5.7054
2025-02-04,TREASURY 10Y,4.2471
2025-02-05,USDCLP,933.15
2025-02-05,BTP30,5.7042
2025-02-05,TREASURY 10Y,4.2343
2025-02-06,USDCLP,936.35
2025-02-06,BTP30,5.6788
2025-02-06,TREASURY 10Y,4.2418
2025-02-07,USDCLP,936.94
2025-02-07,BTP30,5.7087
2025-02-07,TREASURY 10Y,4.2388
2025-02-10,USDCLP,935.35
2025-02-10,BTP30,5.6711
2025-02-10,TREASURY 10Y,4.2347
2025-02-11,USDCLP,932.99
2025-02-11,BTP30,5.6585
2025-02-11,TREASURY 10Y,4.2488
2025-02-12,USDCLP,930.65
2025-02-12,BTP30,5.682
2025-02-12,TREASURY 10Y,4.2624
2025-02-13,USDCLP,933.34
2025-02-13,BTP30,5.6894
2025-02-13,TREASURY 10Y,4.2556
2025-02-14,USDCLP,931.47
2025-02-14,BTP30,5.6837
2025-02-14,TREASURY 10Y,4.2484
2025-02-17,USDCLP,929.28
2025-02-17,BTP30,5.6632
2025-02-17,TREASURY 10Y,4.2268
2025-02-18,USDCLP,931.87
2025-02-18,BTP30,5.6713
2025-02-18,TREASURY 10Y,4.2522
2025-02-19,USDCLP,933.47
2025-02-19,BTP30,5.6905
2025-02-19,TREASURY 10Y,4.2743
2025-02-20,USDCLP,936.44
2025-02-20,BTP30,5.7155
2025-02-20,TREASURY 10Y,4.2765
2025-02-21,USDCLP,934.21
2025-02-21,BTP30,5.7248
2025-02-21,TREASURY 10Y,4.2882
2025-02-24,USDCLP,937.64
2025-02-24,BTP30,5.7295
2025-02-24,TREASURY 10Y,4.2919
2025-02-25,USDCLP,939.78
2025-02-25,BTP30,5.6935
2025-02-25,TREASURY 10Y,4.2867
2025-02-26,USDCLP,940.31
2025-02-26,BTP30,5.6927
2025-02-26,TREASURY 10Y,4.2731
2025-02-27,USDCLP,938.65
2025-02-27,BTP30,5.674
2025-02-27,TREASURY 10Y,4.2853
2025-02-28,USDCLP,940.37
2025-02-28,BTP30,5.6612
2025-02-28,TREASURY 10Y,4.2859
2025-03-03,USDCLP,940.07
2025-03-03,BTP30,5.6662
2025-03-03,TREASURY 10Y,4.283
2025-03-04,USDCLP,943.45
2025-03-04,BTP30,5.6905
2025-03-04,TREASURY 10Y,4.2615
2025-03-05,USDCLP,941.34
2025-03-05,BTP30,5.7037
2025-03-05,TREASURY 10Y,4.2711
2025-03-06,USDCLP,939.52
2025-03-06,BTP30,5.6926
2025-03-06,TREASURY 10Y,4.2678
2025-03-07,USDCLP,937.59
2025-03-07,BTP30,5.6533
2025-03-07,TREASURY 10Y,4.2747
2025-03-10,USDCLP,932.46
2025-03-10,BTP30,5.6484
2025-03-10,TREASURY 10Y,4.2765
2025-03-11,USDCLP,928.08
2025-03-11,BTP30,5.6675
2025-03-11,TREASURY 10Y,4.2567
2025-03-12,USDCLP,928.24
2025-03-12,BTP30,5.6922
2025-03-12,TREASURY 10Y,4.2642
2025-03-13,USDCLP,927.76
2025-03-13,BTP30,5.6834
2025-03-13,TREASURY 10Y,4.2802
2025-03-14,USDCLP,926.1
2025-03-14,BTP30,5.6963
2025-03-14,TREASURY 10Y,4.2853
2025-03-17,USDCLP,925.23
2025-03-17,BTP30,5.6958
2025-03-17,TREASURY 10Y,4.2754
2025-03-18,USDCLP,925.13
2025-03-18,BTP30,5.6928
2025-03-18,TREASURY 10Y,4.2969
2025-03-19,USDCLP,927.02
2025-03-19,BTP30,5.686
2025-03-19,TREASURY 10Y,4.3037
2025-03-20,USDCLP,929.4
2025-03-20,BTP30,5.6748
2025-03-20,TREASURY 10Y,4.3162
2025-03-21,USDCLP,932.8
2025-03-21,BTP30,5.6933
2025-03-21,TREASURY 10Y,4.3266
2025-03-24,USDCLP,933.88
2025-03-24,BTP30,5.6995
2025-03-24,TREASURY 10Y,4.3102
2025-03-25,USDCLP,934.89
2025-03-25,BTP30,5.6901
2025-03-25,TREASURY 10Y,4.3155
2025-03-26,USDCLP,936.46
2025-03-26,BTP30,5.6794
2025-03-26,TREASURY 10Y,4.3124
2025-03-27,USDCLP,930.28
2025-03-27,BTP30,5.6922
2025-03-27,TREASURY 10Y,4.3201
2025-03-28,USDCLP,931.59
2025-03-28,BTP30,5.6895
2025-03-28,TREASURY 10Y,4.3229
2025-03-31,USDCLP,932.95
2025-03-31,BTP30,5.7048
2025-03-31,TREASURY 10Y,4.3183
2025-04-01,USDCLP,937.26
2025-04-01,BTP30,5.6979
2025-04-01,TREASURY 10Y,4.3152
2025-04-02,USDCLP,937.28
2025-04-02,BTP30,5.6977
2025-04-02,TREASURY 10Y,4.3182
2025-04-03,USDCLP,934.79
2025-04-03,BTP30,5.6826
2025-04-03,TREASURY 10Y,4.2938
2025-04-04,USDCLP,934.26
2025-04-04,BTP30,5.6875
2025-04-04,TREASURY 10Y,4.3052
2025-04-07,USDCLP,935.82
2025-04-07,BTP30,5.6569
2025-04-07,TREASURY 10Y,4.3241
2025-04-08,USDCLP,936.46
2025-04-08,BTP30,5.6492
2025-04-08,TREASURY 10Y,4.3157
2025-04-09,USDCLP,935.4
2025-04-09,BTP30,5.6104
2025-04-09,TREASURY 10Y,4.3175
2025-04-10,USDCLP,935.54
2025-04-10,BTP30,5.5936
2025-04-10,TREASURY 10Y,4.2966
2025-04-11,USDCLP,932.99
2025-04-11,BTP30,5.6306
2025-04-11,TREASURY 10Y,4.3044
2025-04-14,USDCLP,936.49
2025-04-14,BTP30,5.6055
2025-04-14,TREASURY 10Y,4.3174
2025-04-15,USDCLP,937.14
2025-04-15,BTP30,5.6047
2025-04-15,TREASURY 10Y,4.3124
2025-04-16,USDCLP,938.79
2025-04-16,BTP30,5.5991
2025-04-16,TREASURY 10Y,4.3158
2025-04-17,USDCLP,938.36
2025-04-17,BTP30,5.6126
2025-04-17,TREASURY 10Y,4.3076
2025-04-18,USDCLP,936.09
2025-04-18,BTP30,5.618
2025-04-18,TREASURY 10Y,4.3354
2025-04-21,USDCLP,937.86
2025-04-21,BTP30,5.631
2025-04-21,TREASURY 10Y,4.3079
2025-04-22,USDCLP,937.51
2025-04-22,BTP30,5.625
2025-04-22,TREASURY 10Y,4.3132
2025-04-23,USDCLP,938.01
2025-04-23,BTP30,5.6059
2025-04-23,TREASURY 10Y,4.3095
2025-04-24,USDCLP,935.52
2025-04-24,BTP30,5.5917
2025-04-24,TREASURY 10Y,4.3056
2025-04-25,USDCLP,937.2
2025-04-25,BTP30,5.594
2025-04-25,TREASURY 10Y,4.3018
2025-04-28,USDCLP,938.84
2025-04-28,BTP30,5.5979
2025-04-28,TREASURY 10Y,4.3055
2025-04-29,USDCLP,936.16
2025-04-29,BTP30,5.5879
2025-04-29,TREASURY 10Y,4.2922
2025-04-30,USDCLP,938.36
2025-04-30,BTP30,5.599
2025-04-30,TREASURY 10Y,4.3041
2025-05-01,USDCLP,936.53
2025-05-01,BTP30,5.6072
2025-05-01,TREASURY 10Y,4.2903
2025-05-02,USDCLP,937.38
2025-05-02,BTP30,5.609
2025-05-02,TREASURY 10Y,4.2887
2025-05-05,USDCLP,936.11
2025-05-05,BTP30,5.6015
2025-05-05,TREASURY 10Y,4.2634
2025-05-06,USDCLP,935.61
2025-05-06,BTP30,5.5742
2025-05-06,TREASURY 10Y,4.2741
2025-05-07,USDCLP,935.48
2025-05-07,BTP30,5.6051
2025-05-07,TREASURY 10Y,4.2767
2025-05-08,USDCLP,940.6
2025-05-08,BTP30,5.6128
2025-05-08,TREASURY 10Y,4.2856
2025-05-09,USDCLP,942.55
2025-05-09,BTP30,5.6064
2025-05-09,TREASURY 10Y,4.3018
2025-05-12,USDCLP,943.98
2025-05-12,BTP30,5.5924
2025-05-12,TREASURY 10Y,4.2873
2025-05-13,USDCLP,943.93
2025-05-13,BTP30,5.5911
2025-05-13,TREASURY 10Y,4.2888
2025-05-14,USDCLP,946.75
2025-05-14,BTP30,5.6201
2025-05-14,TREASURY 10Y,4.2817
2025-05-15,USDCLP,946.34
2025-05-15,BTP30,5.6157
2025-05-15,TREASURY 10Y,4.298
2025-05-16,USDCLP,946.82
2025-05-16,BTP30,5.6115
2025-05-16,TREASURY 10Y,4.288
2025-05-19,USDCLP,942.92
2025-05-19,BTP30,5.6116
2025-05-19,TREASURY 10Y,4.2913
2025-05-20,USDCLP,941.85
2025-05-20,BTP30,5.63
2025-05-20,TREASURY 10Y,4.2968
2025-05-21,USDCLP,943.29
2025-05-21,BTP30,5.6147
2025-05-21,TREASURY 10Y,4.2992
2025-05-22,USDCLP,943.38
2025-05-22,BTP30,5.5842
2025-05-22,TREASURY 10Y,4.3049
2025-05-23,USDCLP,940.53
2025-05-23,BTP30,5.5859
2025-05-23,TREASURY 10Y,4.3137
2025-05-26,USDCLP,941.37
2025-05-26,BTP30,5.5988
2025-05-26,TREASURY 10Y,4.322
2025-05-27,USDCLP,938.67
2025-05-27,BTP30,5.5963
2025-05-27,TREASURY 10Y,4.3261
2025-05-28,USDCLP,940.45
2025-05-28,BTP30,5.5959
2025-05-28,TREASURY 10Y,4.344
2025-05-29,USDCLP,937.71
2025-05-29,BTP30,5.6138
2025-05-29,TREASURY 10Y,4.3446
2025-05-30,USDCLP,938.51
2025-05-30,BTP30,5.606
2025-05-30,TREASURY 10Y,4.3334
2025-06-02,USDCLP,939.57
2025-06-02,BTP30,5.6106
2025-06-02,TREASURY 10Y,4.3371
2025-06-03,USDCLP,943.63
2025-06-03,BTP30,5.6469
2025-06-03,TREASURY 10Y,4.3654
2025-06-04,USDCLP,941.61
2025-06-04,BTP30,5.6811
2025-06-04,TREASURY 10Y,4.3669
2025-06-05,USDCLP,945.07
2025-06-05,BTP30,5.6572
2025-06-05,TREASURY 10Y,4.3751
2025-06-06,USDCLP,945.04
2025-06-06,BTP30,5.6703
2025-06-06,TREASURY 10Y,4.372
2025-06-09,USDCLP,941.34
2025-06-09,BTP30,5.6986
2025-06-09,TREASURY 10Y,4.3587
2025-06-10,USDCLP,945.18
2025-06-10,BTP30,5.7019
2025-06-10,TREASURY 10Y,4.328
2025-06-11,USDCLP,942.83
2025-06-11,BTP30,5.7009
2025-06-11,TREASURY 10Y,4.3195
2025-06-12,USDCLP,942.79
2025-06-12,BTP30,5.6886
2025-06-12,TREASURY 10Y,4.32
2025-06-13,USDCLP,945.38
2025-06-13,BTP30,5.7173
2025-06-13,TREASURY 10Y,4.3205
2025-06-16,USDCLP,948.95
2025-06-16,BTP30,5.7409
2025-06-16,TREASURY 10Y,4.3213
2025-06-17,USDCLP,945.88
2025-06-17,BTP30,5.7447
2025-06-17,TREASURY 10Y,4.3122
2025-06-18,USDCLP,951.76
2025-06-18,BTP30,5.7491
2025-06-18,TREASURY 10Y,4.3356
2025-06-19,USDCLP,950.81
2025-06-19,BTP30,5.7664
2025-06-19,TREASURY 10Y,4.3302
2025-06-20,USDCLP,953.2
2025-06-20,BTP30,5.7628
2025-06-20,TREASURY 10Y,4.3298
2025-06-23,USDCLP,955.42
2025-06-23,BTP30,5.7332
2025-06-23,TREASURY 10Y,4.3176
2025-06-24,USDCLP,951.03
2025-06-24,BTP30,5.7288
2025-06-24,TREASURY 10Y,4.305
2025-06-25,USDCLP,949.09
2025-06-25,BTP30,5.685
2025-06-25,TREASURY 10Y,4.3065
2025-06-26,USDCLP,950.98
2025-06-26,BTP30,5.6954
2025-06-26,TREASURY 10Y,4.3062
2025-06-27,USDCLP,954.14
2025-06-27,BTP30,5.7217
2025-06-27,TREASURY 10Y,4.3074
2025-06-30,USDCLP,955.75
2025-06-30,BTP30,5.7307
2025-06-30,TREASURY 10Y,4.2973
2025-07-01,USDCLP,955.5
2025-07-01,BTP30,5.7224
2025-07-01,TREASURY 10Y,4.3048
2025-07-02,USDCLP,957.13
2025-07-02,BTP30,5.7098
2025-07-02,TREASURY 10Y,4.3129
2025-07-03,USDCLP,953.52
2025-07-03,BTP30,5.7354
2025-07-03,TREASURY 10Y,4.3001
2025-07-04,USDCLP,954.58
2025-07-04,BTP30,5.7277
2025-07-04,TREASURY 10Y,4.3133
2025-07-07,USDCLP,954.7
2025-07-07,BTP30,5.731
2025-07-07,TREASURY 10Y,4.2943
2025-07-08,USDCLP,953.41
2025-07-08,BTP30,5.752
2025-07-08,TREASURY 10Y,4.3247
2025-07-09,USDCLP,950.65
2025-07-09,BTP30,5.7779
2025-07-09,TREASURY 10Y,4.3179
2025-07-10,USDCLP,953.08
2025-07-10,BTP30,5.7815
2025-07-10,TREASURY 10Y,4.313
2025-07-11,USDCLP,958.42
2025-07-11,BTP30,5.7631
2025-07-11,TREASURY 10Y,4.3397
2025-07-14,USDCLP,954.6
2025-07-14,BTP30,5.7439
2025-07-14,TREASURY 10Y,4.3456
2025-07-15,USDCLP,953.03
2025-07-15,BTP30,5.7347
2025-07-15,TREASURY 10Y,4.3649
2025-07-16,USDCLP,950.55
2025-07-16,BTP30,5.7529
2025-07-16,TREASURY 10Y,4.3579
2025-07-17,USDCLP,950.99
2025-07-17,BTP30,5.7756
2025-07-17,TREASURY 10Y,4.3601
2025-07-18,USDCLP,951.77
2025-07-18,BTP30,5.798
2025-07-18,TREASURY 10Y,4.3487
2025-07-21,USDCLP,954.86
2025-07-21,BTP30,5.8059
2025-07-21,TREASURY 10Y,4.3199
2025-07-22,USDCLP,954.51
2025-07-22,BTP30,5.7879
2025-07-22,TREASURY 10Y,4.3184
2025-07-23,USDCLP,957.44
2025-07-23,BTP30,5.7659
2025-07-23,TREASURY 10Y,4.3276
2025-07-24,USDCLP,955.59
2025-07-24,BTP30,5.7321
2025-07-24,TREASURY 10Y,4.3427
2025-07-25,USDCLP,953.89
2025-07-25,BTP30,5.7342
2025-07-25,TREASURY 10Y,4.3467
2025-07-28,USDCLP,950.04
2025-07-28,BTP30,5.7563
2025-07-28,TREASURY 10Y,4.3254
2025-07-29,USDCLP,953.84
2025-07-29,BTP30,5.73
2025-07-29,TREASURY 10Y,4.3274
2025-07-30,USDCLP,954.97
2025-07-30,BTP30,5.7372
2025-07-30,TREASURY 10Y,4.3241
2025-07-31,USDCLP,957.83
2025-07-31,BTP30,5.6997
2025-07-31,TREASURY 10Y,4.3358
2025-08-01,USDCLP,959.0
2025-08-01,BTP30,5.7076
2025-08-01,TREASURY 10Y,4.3459
2025-08-04,USDCLP,956.66
2025-08-04,BTP30,5.68
2025-08-04,TREASURY 10Y,4.331
2025-08-05,USDCLP,956.51
2025-08-05,BTP30,5.6945
2025-08-05,TREASURY 10Y,4.334
2025-08-06,USDCLP,961.01
2025-08-06,BTP30,5.6784
2025-08-06,TREASURY 10Y,4.2903
2025-08-07,USDCLP,964.01
2025-08-07,BTP30,5.6847
2025-08-07,TREASURY 10Y,4.2988
2025-08-08,USDCLP,962.12
2025-08-08,BTP30,5.6637
2025-08-08,TREASURY 10Y,4.2954
2025-08-11,USDCLP,962.16
2025-08-11,BTP30,5.6904
2025-08-11,TREASURY 10Y,4.2924
2025-08-12,USDCLP,960.18
2025-08-12,BTP30,5.6903
2025-08-12,TREASURY 10Y,4.2851
2025-08-13,USDCLP,957.91
2025-08-13,BTP30,5.7013
2025-08-13,TREASURY 10Y,4.2855
2025-08-14,USDCLP,961.31
2025-08-14,BTP30,5.693
2025-08-14,TREASURY 10Y,4.2782
2025-08-15,USDCLP,966.86
2025-08-15,BTP30,5.7113
2025-08-15,TREASURY 10Y,4.2846
2025-08-18,USDCLP,963.87
2025-08-18,BTP30,5.7333
2025-08-18,TREASURY 10Y,4.2984
2025-08-19,USDCLP,962.39
2025-08-19,BTP30,5.7055
2025-08-19,TREASURY 10Y,4.2927
2025-08-20,USDCLP,964.92
2025-08-20,BTP30,5.6835
2025-08-20,TREASURY 10Y,4.2892
2025-08-21,USDCLP,964.95
2025-08-21,BTP30,5.7146
2025-08-21,TREASURY 10Y,4.2875
2025-08-22,USDCLP,967.61
2025-08-22,BTP30,5.7239
2025-08-22,TREASURY 10Y,4.2817
2025-08-25,USDCLP,962.45
2025-08-25,BTP30,5.7244
2025-08-25,TREASURY 10Y,4.2852
2025-08-26,USDCLP,963.74
2025-08-26,BTP30,5.7147
2025-08-26,TREASURY 10Y,4.2955
2025-08-27,USDCLP,965.07
2025-08-27,BTP30,5.6987
2025-08-27,TREASURY 10Y,4.2919
2025-08-28,USDCLP,962.46
2025-08-28,BTP30,5.6892
2025-08-28,TREASURY 10Y,4.294
2025-08-29,USDCLP,960.34
2025-08-29,BTP30,5.682
2025-08-29,TREASURY 10Y,4.3105
2025-09-01,USDCLP,956.48
2025-09-01,BTP30,5.7009
2025-09-01,TREASURY 10Y,4.2927
2025-09-02,USDCLP,954.66
2025-09-02,BTP30,5.6917
2025-09-02,TREASURY 10Y,4.3001
2025-09-03,USDCLP,949.76
2025-09-03,BTP30,5.6879
2025-09-03,TREASURY 10Y,4.3267
2025-09-04,USDCLP,948.23
2025-09-04,BTP30,5.7317
2025-09-04,TREASURY 10Y,4.3152
2025-09-05,USDCLP,948.27
2025-09-05,BTP30,5.7498
2025-09-05,TREASURY 10Y,4.3158
2025-09-08,USDCLP,945.48
2025-09-08,BTP30,5.7548
2025-09-08,TREASURY 10Y,4.3236
2025-09-09,USDCLP,949.91
2025-09-09,BTP30,5.7694
2025-09-09,TREASURY 10Y,4.3156
2025-09-10,USDCLP,955.81
2025-09-10,BTP30,5.7568
2025-09-10,TREASURY 10Y,4.33
2025-09-11,USDCLP,952.65
2025-09-11,BTP30,5.7843
2025-09-11,TREASURY 10Y,4.3141
2025-09-12,USDCLP,950.39
2025-09-12,BTP30,5.7644
2025-09-12,TREASURY 10Y,4.3202
2025-09-15,USDCLP,951.33
2025-09-15,BTP30,5.7688
2025-09-15,TREASURY 10Y,4.3159
2025-09-16,USDCLP,953.45
2025-09-16,BTP30,5.7647
2025-09-16,TREASURY 10Y,4.3482
2025-09-17,USDCLP,956.01
2025-09-17,BTP30,5.7558
2025-09-17,TREASURY 10Y,4.3497
2025-09-18,USDCLP,948.4
2025-09-18,BTP30,5.7362
2025-09-18,TREASURY 10Y,4.3514
2025-09-19,USDCLP,951.93
2025-09-19,BTP30,5.7183
2025-09-19,TREASURY 10Y,4.3666
2025-09-22,USDCLP,954.16
2025-09-22,BTP30,5.7457
2025-09-22,TREASURY 10Y,4.3836
2025-09-23,USDCLP,953.99
2025-09-23,BTP30,5.7536
2025-09-23,TREASURY 10Y,4.3896
2025-09-24,USDCLP,956.55
2025-09-24,BTP30,5.7553
2025-09-24,TREASURY 10Y,4.3774
2025-09-25,USDCLP,956.05
2025-09-25,BTP30,5.7489
2025-09-25,TREASURY 10Y,4.3848
2025-09-26,USDCLP,952.77
2025-09-26,BTP30,5.7616
2025-09-26,TREASURY 10Y,4.3721
2025-09-29,USDCLP,954.61
2025-09-29,BTP30,5.7705
2025-09-29,TREASURY 10Y,4.3678
2025-09-30,USDCLP,956.08
2025-09-30,BTP30,5.7463
2025-09-30,TREASURY 10Y,4.3418
2025-10-01,USDCLP,954.38
2025-10-01,BTP30,5.7337
2025-10-01,TREASURY 10Y,4.334
2025-10-02,USDCLP,956.25
2025-10-02,BTP30,5.7457
2025-10-02,TREASURY 10Y,4.3163
2025-10-03,USDCLP,957.03
2025-10-03,BTP30,5.7241
2025-10-03,TREASURY 10Y,4.3061
2025-10-06,USDCLP,954.96
2025-10-06,BTP30,5.7329
2025-10-06,TREASURY 10Y,4.2957
2025-10-07,USDCLP,953.02
2025-10-07,BTP30,5.7273
2025-10-07,TREASURY 10Y,4.2994
2025-10-08,USDCLP,952.49
2025-10-08,BTP30,5.7352
2025-10-08,TREASURY 10Y,4.2964
2025-10-09,USDCLP,948.28
2025-10-09,BTP30,5.7204
2025-10-09,TREASURY 10Y,4.2966
2025-10-10,USDCLP,948.05
2025-10-10,BTP30,5.7317
2025-10-10,TREASURY 10Y,4.3147
2025-10-13,USDCLP,948.56
2025-10-13,BTP30,5.7416
2025-10-13,TREASURY 10Y,4.2976
2025-10-14,USDCLP,945.28
2025-10-14,BTP30,5.7119
2025-10-14,TREASURY 10Y,4.2946
2025-10-15,USDCLP,951.31
2025-10-15,BTP30,5.7189
2025-10-15,TREASURY 10Y,4.3051
2025-10-16,USDCLP,952.66
2025-10-16,BTP30,5.7133
2025-10-16,TREASURY 10Y,4.3108
2025-10-17,USDCLP,953.43
2025-10-17,BTP30,5.6912
2025-10-17,TREASURY 10Y,4.3068
2025-10-20,USDCLP,954.18
2025-10-20,BTP30,5.6536
2025-10-20,TREASURY 10Y,4.3158
2025-10-21,USDCLP,952.78
2025-10-21,BTP30,5.614
2025-10-21,TREASURY 10Y,4.3334
2025-10-22,USDCLP,951.03
2025-10-22,BTP30,5.5841
2025-10-22,TREASURY 10Y,4.3146
2025-10-23,USDCLP,950.5
2025-10-23,BTP30,5.579
2025-10-23,TREASURY 10Y,4.3301
2025-10-24,USDCLP,947.69
2025-10-24,BTP30,5.5523
2025-10-24,TREASURY 10Y,4.3424
2025-10-27,USDCLP,946.19
2025-10-27,BTP30,5.5467
2025-10-27,TREASURY 10Y,4.3371
2025-10-28,USDCLP,948.61
2025-10-28,BTP30,5.5315
2025-10-28,TREASURY 10Y,4.3519
2025-10-29,USDCLP,950.65
2025-10-29,BTP30,5.515
2025-10-29,TREASURY 10Y,4.3502
2025-10-30,USDCLP,953.41
2025-10-30,BTP30,5.5033
2025-10-30,TREASURY 10Y,4.3627
2025-10-31,USDCLP,949.12
2025-10-31,BTP30,5.5133
2025-10-31,TREASURY 10Y,4.3685
2025-11-03,USDCLP,948.63
2025-11-03,BTP30,5.5369
2025-11-03,TREASURY 10Y,4.3687
2025-11-04,USDCLP,949.12
2025-11-04,BTP30,5.5505
2025-11-04,TREASURY 10Y,4.3598
2025-11-05,USDCLP,946.4
2025-11-05,BTP30,5.5877
2025-11-05,TREASURY 10Y,4.3881
2025-11-06,USDCLP,945.28
2025-11-06,BTP30,5.592
2025-11-06,TREASURY 10Y,4.3967
2025-11-07,USDCLP,945.04
2025-11-07,BTP30,5.5809
2025-11-07,TREASURY 10Y,4.4033
2025-11-10,USDCLP,945.0
2025-11-10,BTP30,5.5738
2025-11-10,TREASURY 10Y,4.415
2025-11-11,USDCLP,946.76
2025-11-11,BTP30,5.5648
2025-11-11,TREASURY 10Y,4.4074
2025-11-12,USDCLP,945.1
2025-11-12,BTP30,5.5818
2025-11-12,TREASURY 10Y,4.4199
2025-11-13,USDCLP,939.39
2025-11-13,BTP30,5.6094
2025-11-13,TREASURY 10Y,4.4151
2025-11-14,USDCLP,938.31
2025-11-14,BTP30,5.6191
2025-11-14,TREASURY 10Y,4.4209
2025-11-17,USDCLP,936.49
2025-11-17,BTP30,5.655
2025-11-17,TREASURY 10Y,4.4181
2025-11-18,USDCLP,938.96
2025-11-18,BTP30,5.6712
2025-11-18,TREASURY 10Y,4.4218
2025-11-19,USDCLP,942.23
2025-11-19,BTP30,5.6678
2025-11-19,TREASURY 10Y,4.4158
2025-11-20,USDCLP,937.47
2025-11-20,BTP30,5.6672
2025-11-20,TREASURY 10Y,4.4121
2025-11-21,USDCLP,936.2
2025-11-21,BTP30,5.653
2025-11-21,TREASURY 10Y,4.3858
2025-11-24,USDCLP,936.0
2025-11-24,BTP30,5.6425
2025-11-24,TREASURY 10Y,4.4131
2025-11-25,USDCLP,935.76
2025-11-25,BTP30,5.63
2025-11-25,TREASURY 10Y,4.3962
2025-11-26,USDCLP,934.62
2025-11-26,BTP30,5.5885
2025-11-26,TREASURY 10Y,4.3708
2025-11-27,USDCLP,935.68
2025-11-27,BTP30,5.6076
2025-11-27,TREASURY 10Y,4.3299
2025-11-28,USDCLP,939.12
2025-11-28,BTP30,5.5943
2025-11-28,TREASURY 10Y,4.3204
2025-12-01,USDCLP,939.14
2025-12-01,BTP30,5.6069
2025-12-01,TREASURY 10Y,4.324
2025-12-02,USDCLP,940.08
2025-12-02,BTP30,5.5971
2025-12-02,TREASURY 10Y,4.3405
2025-12-03,USDCLP,939.25
2025-12-03,BTP30,5.5977
2025-12-03,TREASURY 10Y,4.3325
2025-12-04,USDCLP,942.93
2025-12-04,BTP30,5.6218
2025-12-04,TREASURY 10Y,4.3271
2025-12-05,USDCLP,938.48
2025-12-05,BTP30,5.6389
2025-12-05,TREASURY 10Y,4.326
2025-12-08,USDCLP,935.84
2025-12-08,BTP30,5.6442
2025-12-08,TREASURY 10Y,4.3279
2025-12-09,USDCLP,935.92
2025-12-09,BTP30,5.6736
2025-12-09,TREASURY 10Y,4.3078
2025-12-10,USDCLP,932.74
2025-12-10,BTP30,5.6714
2025-12-10,TREASURY 10Y,4.3095
2025-12-11,USDCLP,934.95
2025-12-11,BTP30,5.6896
2025-12-11,TREASURY 10Y,4.3353
2025-12-12,USDCLP,939.15
2025-12-12,BTP30,5.7079
2025-12-12,TREASURY 10Y,4.3205
2025-12-15,USDCLP,940.63
2025-12-15,BTP30,5.7117
2025-12-15,TREASURY 10Y,4.3246
2025-12-16,USDCLP,938.36
2025-12-16,BTP30,5.7128
2025-12-16,TREASURY 10Y,4.3355
2025-12-17,USDCLP,934.23
2025-12-17,BTP30,5.7176
2025-12-17,TREASURY 10Y,4.3288
2025-12-18,USDCLP,934.0
2025-12-18,BTP30,5.7039
2025-12-18,TREASURY 10Y,4.3126
2025-12-19,USDCLP,934.48
2025-12-19,BTP30,5.6843
2025-12-19,TREASURY 10Y,4.3147
2025-12-22,USDCLP,935.65
2025-12-22,BTP30,5.6805
2025-12-22,TREASURY 10Y,4.3083
2025-12-23,USDCLP,930.68
2025-12-23,BTP30,5.6709
2025-12-23,TREASURY 10Y,4.2981
2025-12-24,USDCLP,932.41
2025-12-24,BTP30,5.672
2025-12-24,TREASURY 10Y,4.2998
2025-12-25,USDCLP,932.47
2025-12-25,BTP30,5.6575
2025-12-25,TREASURY 10Y,4.3074
2025-12-26,USDCLP,930.31
2025-12-26,BTP30,5.6728
2025-12-26,TREASURY 10Y,4.3155
2025-12-29,USDCLP,927.12
2025-12-29,BTP30,5.6698
2025-12-29,TREASURY 10Y,4.32
2025-12-30,USDCLP,929.28
2025-12-30,BTP30,5.6573
2025-12-30,TREASURY 10Y,4.323
2025-12-31,USDCLP,930.71
2025-12-31,BTP30,5.6406
2025-12-31,TREASURY 10Y,4.33
2026-01-01,USDCLP,932.93
2026-01-01,BTP30,5.6321
2026-01-01,TREASURY 10Y,4.3238
2026-01-02,USDCLP,933.17
2026-01-02,BTP30,5.6715
2026-01-02,TREASURY 10Y,4.3131
2026-01-05,USDCLP,932.27
2026-01-05,BTP30,5.6794
2026-01-05,TREASURY 10Y,4.3002
2026-01-06,USDCLP,930.74
2026-01-06,BTP30,5.6419
2026-01-06,TREASURY 10Y,4.3116
2026-01-07,USDCLP,931.55
2026-01-07,BTP30,5.654
2026-01-07,TREASURY 10Y,4.3149
2026-01-08,USDCLP,930.71
2026-01-08,BTP30,5.6568
2026-01-08,TREASURY 10Y,4.3069
2026-01-09,USDCLP,929.86
2026-01-09,BTP30,5.6613
2026-01-09,TREASURY 10Y,4.3083
2026-01-12,USDCLP,932.14
2026-01-12,BTP30,5.6668
2026-01-12,TREASURY 10Y,4.3072
2026-01-13,USDCLP,933.81
2026-01-13,BTP30,5.647
2026-01-13,TREASURY 10Y,4.3105
2026-01-14,USDCLP,935.55
2026-01-14,BTP30,5.6301
2026-01-14,TREASURY 10Y,4.3213
2026-01-15,USDCLP,930.34
2026-01-15,BTP30,5.6413
2026-01-15,TREASURY 10Y,4.3097
2026-01-16,USDCLP,928.17
2026-01-16,BTP30,5.6285
2026-01-16,TREASURY 10Y,4.3158
2026-01-19,USDCLP,924.04
2026-01-19,BTP30,5.6663
2026-01-19,TREASURY 10Y,4.2964
2026-01-20,USDCLP,925.59
2026-01-20,BTP30,5.6605
2026-01-20,TREASURY 10Y,4.2944
2026-01-21,USDCLP,927.83
2026-01-21,BTP30,5.6672
2026-01-21,TREASURY 10Y,4.2715
2026-01-22,USDCLP,928.57
2026-01-22,BTP30,5.655
2026-01-22,TREASURY 10Y,4.2649
2026-01-23,USDCLP,929.74
2026-01-23,BTP30,5.6605
2026-01-23,TREASURY 10Y,4.2507
2026-01-26,USDCLP,930.94
2026-01-26,BTP30,5.6528
2026-01-26,TREASURY 10Y,4.2743
2026-01-27,USDCLP,928.76
2026-01-27,BTP30,5.6567
2026-01-27,TREASURY 10Y,4.2918
2026-01-28,USDCLP,934.7
2026-01-28,BTP30,5.6519
2026-01-28,TREASURY 10Y,4.3152
2026-01-29,USDCLP,936.31
2026-01-29,BTP30,5.6205
2026-01-29,TREASURY 10Y,4.3083
2026-01-30,USDCLP,937.02
2026-01-30,BTP30,5.6287
2026-01-30,TREASURY 10Y,4.3169
2026-02-02,USDCLP,935.95
2026-02-02,BTP30,5.639
2026-02-02,TREASURY 10Y,4.2995
2026-02-03,USDCLP,934.33
2026-02-03,BTP30,5.6179
2026-02-03,TREASURY 10Y,4.2858
2026-02-04,USDCLP,935.15
2026-02-04,BTP30,5.5773
2026-02-04,TREASURY 10Y,4.2856
2026-02-05,USDCLP,939.26
2026-02-05,BTP30,5.5818
2026-02-05,TREASURY 10Y,4.2822
2026-02-06,USDCLP,938.8
2026-02-06,BTP30,5.5558
2026-02-06,TREASURY 10Y,4.2743
2026-02-09,USDCLP,936.54
2026-02-09,BTP30,5.5933
2026-02-09,TREASURY 10Y,4.2808
2026-02-10,USDCLP,934.93
2026-02-10,BTP30,5.5937
2026-02-10,TREASURY 10Y,4.2798
2026-02-11,USDCLP,934.91
2026-02-11,BTP30,5.5964
2026-02-11,TREASURY 10Y,4.2791
2026-02-12,USDCLP,933.36
2026-02-12,BTP30,5.6193
2026-02-12,TREASURY 10Y,4.2872
2026-02-13,USDCLP,938.62
2026-02-13,BTP30,5.6345
2026-02-13,TREASURY 10Y,4.2855
2026-02-16,USDCLP,937.3
2026-02-16,BTP30,5.6641
2026-02-16,TREASURY 10Y,4.3161
2026-02-17,USDCLP,939.48
2026-02-17,BTP30,5.6683
2026-02-17,TREASURY 10Y,4.2898
2026-02-18,USDCLP,939.78
2026-02-18,BTP30,5.6645
2026-02-18,TREASURY 10Y,4.2839
2026-02-19,USDCLP,941.09
2026-02-19,BTP30,5.6385
2026-02-19,TREASURY 10Y,4.28
2026-02-20,USDCLP,940.14
2026-02-20,BTP30,5.6397
2026-02-20,TREASURY 10Y,4.2847
2026-02-23,USDCLP,936.25
2026-02-23,BTP30,5.6549
2026-02-23,TREASURY 10Y,4.2737
2026-02-24,USDCLP,934.37
2026-02-24,BTP30,5.6575
2026-02-24,TREASURY 10Y,4.2816
2026-02-25,USDCLP,937.08
2026-02-25,BTP30,5.6506
2026-02-25,TREASURY 10Y,4.29
2026-02-26,USDCLP,936.6
2026-02-26,BTP30,5.6596
2026-02-26,TREASURY 10Y,4.3062
2026-02-27,USDCLP,937.93
2026-02-27,BTP30,5.6658
2026-02-27,TREASURY 10Y,4.3271
2026-03-02,USDCLP,934.37
2026-03-02,BTP30,5.6762
2026-03-02,TREASURY 10Y,4.3282
2026-03-03,USDCLP,936.84
2026-03-03,BTP30,5.6813
2026-03-03,TREASURY 10Y,4.3276
2026-03-04,USDCLP,937.49
2026-03-04,BTP30,5.6746
2026-03-04,TREASURY 10Y,4.3323
2026-03-05,USDCLP,939.72
2026-03-05,BTP30,5.6974
2026-03-05,TREASURY 10Y,4.3471
2026-03-06,USDCLP,940.37
2026-03-06,BTP30,5.7359
2026-03-06,TREASURY 10Y,4.3257
2026-03-09,USDCLP,938.76
2026-03-09,BTP30,5.7214
2026-03-09,TREASURY 10Y,4.3374
2026-03-10,USDCLP,939.4
2026-03-10,BTP30,5.6983
2026-03-10,TREASURY 10Y,4.3327
2026-03-11,USDCLP,942.56
2026-03-11,BTP30,5.7012
2026-03-11,TREASURY 10Y,4.336
2026-03-12,USDCLP,944.81
2026-03-12,BTP30,5.7332
2026-03-12,TREASURY 10Y,4.342
2026-03-13,USDCLP,945.26
2026-03-13,BTP30,5.7237
2026-03-13,TREASURY 10Y,4.3451
2026-03-16,USDCLP,944.76
2026-03-16,BTP30,5.7156
2026-03-16,TREASURY 10Y,4.3465
2026-03-17,USDCLP,948.46
2026-03-17,BTP30,5.7287
2026-03-17,TREASURY 10Y,4.3278
2026-03-18,USDCLP,945.89
2026-03-18,BTP30,5.732
2026-03-18,TREASURY 10Y,4.3119
2026-03-19,USDCLP,950.2
2026-03-19,BTP30,5.7131
2026-03-19,TREASURY 10Y,4.2977
2026-03-20,USDCLP,952.73
2026-03-20,BTP30,5.6991
2026-03-20,TREASURY 10Y,4.2955
2026-03-23,USDCLP,952.06
2026-03-23,BTP30,5.6992
2026-03-23,TREASURY 10Y,4.2777
2026-03-24,USDCLP,953.73
2026-03-24,BTP30,5.6825
2026-03-24,TREASURY 10Y,4.2853
2026-03-25,USDCLP,954.19
2026-03-25,BTP30,5.6692
2026-03-25,TREASURY 10Y,4.3029
2026-03-26,USDCLP,956.38
2026-03-26,BTP30,5.6913
2026-03-26,TREASURY 10Y,4.2907
2026-03-27,USDCLP,961.23
2026-03-27,BTP30,5.6685
2026-03-27,TREASURY 10Y,4.3145
2026-03-30,USDCLP,959.81
2026-03-30,BTP30,5.6835
2026-03-30,TREASURY 10Y,4.3226
2026-03-31,USDCLP,960.61
2026-03-31,BTP30,5.6847
2026-03-31,TREASURY 10Y,4.362
2026-04-01,USDCLP,960.37
2026-04-01,BTP30,5.6523
2026-04-01,TREASURY 10Y,4.3808
2026-04-02,USDCLP,965.77
2026-04-02,BTP30,5.6421
2026-04-02,TREASURY 10Y,4.3762
2026-04-03,USDCLP,965.24
2026-04-03,BTP30,5.6468
2026-04-03,TREASURY 10Y,4.3902
2026-04-06,USDCLP,965.79
2026-04-06,BTP30,5.6378
2026-04-06,TREASURY 10Y,4.3752
2026-04-07,USDCLP,968.53
2026-04-07,BTP30,5.6137
2026-04-07,TREASURY 10Y,4.3865
2026-04-08,USDCLP,971.14
2026-04-08,BTP30,5.5856
2026-04-08,TREASURY 10Y,4.3965
2026-04-09,USDCLP,968.58
2026-04-09,BTP30,5.5662
2026-04-09,TREASURY 10Y,4.3853
2026-04-10,USDCLP,970.23
2026-04-10,BTP30,5.5689
2026-04-10,TREASURY 10Y,4.3841
2026-04-13,USDCLP,967.18
2026-04-13,BTP30,5.5738
2026-04-13,TREASURY 10Y,4.3941
2026-04-14,USDCLP,970.32
2026-04-14,BTP30,5.5622
2026-04-14,TREASURY 10Y,4.3965
2026-04-15,USDCLP,969.3
2026-04-15,BTP30,5.5616
2026-04-15,TREASURY 10Y,4.3907
2026-04-16,USDCLP,969.21
2026-04-16,BTP30,5.5538
2026-04-16,TREASURY 10Y,4.3861
2026-04-17,USDCLP,969.8
2026-04-17,BTP30,5.5504
2026-04-17,TREASURY 10Y,4.394
2026-04-20,USDCLP,971.87
2026-04-20,BTP30,5.5111
2026-04-20,TREASURY 10Y,4.3973
2026-04-21,USDCLP,967.32
2026-04-21,BTP30,5.5313
2026-04-21,TREASURY 10Y,4.4099
2026-04-22,USDCLP,966.0
2026-04-22,BTP30,5.5497
2026-04-22,TREASURY 10Y,4.4232
2026-04-23,USDCLP,962.91
2026-04-23,BTP30,5.5302
2026-04-23,TREASURY 10Y,4.4128
2026-04-24,USDCLP,965.06
2026-04-24,BTP30,5.5122
2026-04-24,TREASURY 10Y,4.4175
2026-04-27,USDCLP,965.06
2026-04-27,BTP30,5.5327
2026-04-27,TREASURY 10Y,4.3996
2026-04-28,USDCLP,968.23
2026-04-28,BTP30,5.5454
2026-04-28,TREASURY 10Y,4.4097
2026-04-29,USDCLP,968.73
2026-04-29,BTP30,5.5477
2026-04-29,TREASURY 10Y,4.431
2026-04-30,USDCLP,965.12
2026-04-30,BTP30,5.547
2026-04-30,TREASURY 10Y,4.4394
2026-05-01,USDCLP,966.03
2026-05-01,BTP30,5.5606
2026-05-01,TREASURY 10Y,4.4335
2026-05-04,USDCLP,959.87
2026-05-04,BTP30,5.5665
2026-05-04,TREASURY 10Y,4.4126
2026-05-05,USDCLP,962.66
2026-05-05,BTP30,5.5782
2026-05-05,TREASURY 10Y,4.4025
2026-05-06,USDCLP,963.15
2026-05-06,BTP30,5.5562
2026-05-06,TREASURY 10Y,4.3947
2026-05-07,USDCLP,958.71
2026-05-07,BTP30,5.5707
2026-05-07,TREASURY 10Y,4.3789
2026-05-08,USDCLP,958.78
2026-05-08,BTP30,5.599
2026-05-08,TREASURY 10Y,4.3762
2026-05-11,USDCLP,960.81
2026-05-11,BTP30,5.5892
2026-05-11,TREASURY 10Y,4.3863
2026-05-12,USDCLP,956.16
2026-05-12,BTP30,5.545
2026-05-12,TREASURY 10Y,4.3834
2026-05-13,USDCLP,953.63
2026-05-13,BTP30,5.5566
2026-05-13,TREASURY 10Y,4.3791
2026-05-14,USDCLP,952.93
2026-05-14,BTP30,5.5656
2026-05-14,TREASURY 10Y,4.3749
2026-05-15,USDCLP,950.62
2026-05-15,BTP30,5.5596
2026-05-15,TREASURY 10Y,4.3718
2026-05-18,USDCLP,952.15
2026-05-18,BTP30,5.5657
2026-05-18,TREASURY 10Y,4.3735
2026-05-19,USDCLP,953.6
2026-05-19,BTP30,5.5609
2026-05-19,TREASURY 10Y,4.3639
2026-05-20,USDCLP,951.02
2026-05-20,BTP30,5.5561
2026-05-20,TREASURY 10Y,4.3682
2026-05-21,USDCLP,950.11
2026-05-21,BTP30,5.5592
2026-05-21,TREASURY 10Y,4.3687
2026-05-22,USDCLP,951.08
2026-05-22,BTP30,5.5736
2026-05-22,TREASURY 10Y,4.372
2026-05-25,USDCLP,953.39
2026-05-25,BTP30,5.5632
2026-05-25,TREASURY 10Y,4.3718
2026-05-26,USDCLP,955.29
2026-05-26,BTP30,5.5965
2026-05-26,TREASURY 10Y,4.3782
2026-05-27,USDCLP,954.12
2026-05-27,BTP30,5.6267
2026-05-27,TREASURY 10Y,4.3676
2026-05-28,USDCLP,956.92
2026-05-28,BTP30,5.6311
2026-05-28,TREASURY 10Y,4.3583
2026-05-29,USDCLP,949.77
2026-05-29,BTP30,5.6325
2026-05-29,TREASURY 10Y,4.3453
2026-06-01,USDCLP,947.14
2026-06-01,BTP30,5.6263
2026-06-01,TREASURY 10Y,4.3494
2026-06-02,USDCLP,948.52
2026-06-02,BTP30,5.6501
2026-06-02,TREASURY 10Y,4.3473
2026-06-03,USDCLP,949.24
2026-06-03,BTP30,5.6302
2026-06-03,TREASURY 10Y,4.3453
2026-06-04,USDCLP,948.88
2026-06-04,BTP30,5.6352
2026-06-04,TREASURY 10Y,4.3407
2026-06-05,USDCLP,943.87
2026-06-05,BTP30,5.6358
2026-06-05,TREASURY 10Y,4.3554
2026-06-08,USDCLP,939.77
2026-06-08,BTP30,5.6374
2026-06-08,TREASURY 10Y,4.3625
2026-06-09,USDCLP,939.98
2026-06-09,BTP30,5.6528
2026-06-09,TREASURY 10Y,4.3725
2026-06-10,USDCLP,933.95
2026-06-10,BTP30,5.667
2026-06-10,TREASURY 10Y,4.3487
2026-06-11,USDCLP,938.18
2026-06-11,BTP30,5.6725
2026-06-11,TREASURY 10Y,4.3413
2026-06-12,USDCLP,937.31
2026-06-12,BTP30,5.6912
2026-06-12,TREASURY 10Y,4.3431
2026-06-15,USDCLP,939.41
2026-06-15,BTP30,5.7078
2026-06-15,TREASURY 10Y,4.3425
2026-06-16,USDCLP,938.39
2026-06-16,BTP30,5.7041
2026-06-16,TREASURY 10Y,4.3236
2026-06-17,USDCLP,939.87
2026-06-17,BTP30,5.7208
2026-06-17,TREASURY 10Y,4.3362
2026-06-18,USDCLP,941.01
2026-06-18,BTP30,5.7343
2026-06-18,TREASURY 10Y,4.3268
2026-06-19,USDCLP,937.52
2026-06-19,BTP30,5.7413
2026-06-19,TREASURY 10Y,4.335
2026-06-22,USDCLP,936.75
2026-06-22,BTP30,5.7269
2026-06-22,TREASURY 10Y,4.3323
2026-06-23,USDCLP,938.22
2026-06-23,BTP30,5.7141
2026-06-23,TREASURY 10Y,4.3348
2026-06-24,USDCLP,939.37
2026-06-24,BTP30,5.7165
2026-06-24,TREASURY 10Y,4.3536
2026-06-25,USDCLP,938.84
2026-06-25,BTP30,5.7128
2026-06-25,TREASURY 10Y,4.341
2026-06-26,USDCLP,940.75
2026-06-26,BTP30,5.7248
2026-06-26,TREASURY 10Y,4.3513
2026-06-29,USDCLP,936.09
2026-06-29,BTP30,5.6906
2026-06-29,TREASURY 10Y,4.3453
2026-06-30,USDCLP,938.43
2026-06-30,BTP30,5.6942
2026-06-30,TREASURY 10Y,4.3202
2026-07-01,USDCLP,940.45
2026-07-01,BTP30,5.692
2026-07-01,TREASURY 10Y,4.319
2026-07-02,USDCLP,944.83
2026-07-02,BTP30,5.6915
2026-07-02,TREASURY 10Y,4.3275
2026-07-03,USDCLP,945.03
2026-07-03,BTP30,5.6685
2026-07-03,TREASURY 10Y,4.3368
2026-07-06,USDCLP,940.45
2026-07-06,BTP30,5.6651
2026-07-06,TREASURY 10Y,4.3333
2026-07-07,USDCLP,941.68
2026-07-07,BTP30,5.6541
2026-07-07,TREASURY 10Y,4.3378
2026-07-08,USDCLP,940.94
2026-07-08,BTP30,5.6544
2026-07-08,TREASURY 10Y,4.3359
2026-07-09,USDCLP,942.34
2026-07-09,BTP30,5.6349
2026-07-09,TREASURY 10Y,4.3434
2026-07-10,USDCLP,944.42
2026-07-10,BTP30,5.6044
2026-07-10,TREASURY 10Y,4.3504
2026-07-13,USDCLP,944.83
2026-07-13,BTP30,5.5956
2026-07-13,TREASURY 10Y,4.3482
2026-07-14,USDCLP,947.31
2026-07-14,BTP30,5.5205
2026-07-14,TREASURY 10Y,4.341
2026-07-15,USDCLP,943.51
2026-07-15,BTP30,5.5454
2026-07-15,TREASURY 10Y,4.331
2026-07-16,USDCLP,945.63
2026-07-16,BTP30,5.5606
2026-07-16,TREASURY 10Y,4.3219
2026-07-17,USDCLP,949.7
2026-07-17,BTP30,5.5459
2026-07-17,TREASURY 10Y,4.3076
2026-07-20,USDCLP,952.65
2026-07-20,BTP30,5.5339
2026-07-20,TREASURY 10Y,4.3195
2026-07-21,USDCLP,952.86
2026-07-21,BTP30,5.5227
2026-07-21,TREASURY 10Y,4.3316
2026-07-22,USDCLP,955.01
2026-07-22,BTP30,5.5281
2026-07-22,TREASURY 10Y,4.3224
2026-07-23,USDCLP,953.03
2026-07-23,BTP30,5.5106
2026-07-23,TREASURY 10Y,4.3099
2026-07-24,USDCLP,955.44
2026-07-24,BTP30,5.4723
2026-07-24,TREASURY 10Y,4.3057
2026-07-27,USDCLP,952.97
2026-07-27,BTP30,5.4873
2026-07-27,TREASURY 10Y,4.3078
2026-07-28,USDCLP,954.83
2026-07-28,BTP30,5.4913
2026-07-28,TREASURY 10Y,4.3042
2026-07-29,USDCLP,954.44
2026-07-29,BTP30,5.4991
2026-07-29,TREASURY 10Y,4.3165
2026-07-30,USDCLP,954.34
2026-07-30,BTP30,5.4633
2026-07-30,TREASURY 10Y,4.3101
2026-07-31,USDCLP,953.72
2026-07-31,BTP30,5.4494
2026-07-31,TREASURY 10Y,4.3167
2026-08-03,USDCLP,952.65
2026-08-03,BTP30,5.4561
2026-08-03,TREASURY 10Y,4.3327
2026-08-04,USDCLP,959.26
2026-08-04,BTP30,5.4322
2026-08-04,TREASURY 10Y,4.3474
2026-08-05,USDCLP,956.31
2026-08-05,BTP30,5.4009
2026-08-05,TREASURY 10Y,4.3312
2026-08-06,USDCLP,950.98
2026-08-06,BTP30,5.4221
2026-08-06,TREASURY 10Y,4.3309
2026-08-07,USDCLP,951.08
2026-08-07,BTP30,5.4235
2026-08-07,TREASURY 10Y,4.3198
2026-08-10,USDCLP,951.94
2026-08-10,BTP30,5.398
2026-08-10,TREASURY 10Y,4.3248
2026-08-11,USDCLP,953.78
2026-08-11,BTP30,5.3673
2026-08-11,TREASURY 10Y,4.3644
2026-08-12,USDCLP,957.67
2026-08-12,BTP30,5.3848
2026-08-12,TREASURY 10Y,4.3419
2026-08-13,USDCLP,956.78
2026-08-13,BTP30,5.3645
2026-08-13,TREASURY 10Y,4.3515
2026-08-14,USDCLP,961.3
2026-08-14,BTP30,5.3881
2026-08-14,TREASURY 10Y,4.3343
2026-08-17,USDCLP,964.0
2026-08-17,BTP30,5.3628
2026-08-17,TREASURY 10Y,4.3248
2026-08-18,USDCLP,964.73
2026-08-18,BTP30,5.3828
2026-08-18,TREASURY 10Y,4.3294
2026-08-19,USDCLP,966.0
2026-08-19,BTP30,5.3859
2026-08-19,TREASURY 10Y,4.3166
2026-08-20,USDCLP,968.61
2026-08-20,BTP30,5.3892
2026-08-20,TREASURY 10Y,4.324
2026-08-21,USDCLP,972.28
2026-08-21,BTP30,5.3482
2026-08-21,TREASURY 10Y,4.3265
2026-08-24,USDCLP,978.8
2026-08-24,BTP30,5.3554
2026-08-24,TREASURY 10Y,4.3154
2026-08-25,USDCLP,977.89
2026-08-25,BTP30,5.3465
2026-08-25,TREASURY 10Y,4.3104
2026-08-26,USDCLP,980.42
2026-08-26,BTP30,5.3535
2026-08-26,TREASURY 10Y,4.3109
2026-08-27,USDCLP,980.4
2026-08-27,BTP30,5.3471
2026-08-27,TREASURY 10Y,4.3285
2026-08-28,USDCLP,977.65
2026-08-28,BTP30,5.3737
2026-08-28,TREASURY 10Y,4.334
2026-08-31,USDCLP,976.05
2026-08-31,BTP30,5.3663
2026-08-31,TREASURY 10Y,4.3214
2026-09-01,USDCLP,976.96
2026-09-01,BTP30,5.3992
2026-09-01,TREASURY 10Y,4.3442
2026-09-02,USDCLP,977.81
2026-09-02,BTP30,5.4378
2026-09-02,TREASURY 10Y,4.3462
2026-09-03,USDCLP,975.34
2026-09-03,BTP30,5.4457
2026-09-03,TREASURY 10Y,4.3393
2026-09-04,USDCLP,974.04
2026-09-04,BTP30,5.4538
2026-09-04,TREASURY 10Y,4.3341
2026-09-07,USDCLP,967.62
2026-09-07,BTP30,5.4884
2026-09-07,TREASURY 10Y,4.3297
2026-09-08,USDCLP,970.56
2026-09-08,BTP30,5.4986
2026-09-08,TREASURY 10Y,4.3092
2026-09-09,USDCLP,976.0
2026-09-09,BTP30,5.4949
2026-09-09,TREASURY 10Y,4.3139
2026-09-10,USDCLP,975.95
2026-09-10,BTP30,5.5169
2026-09-10,TREASURY 10Y,4.2919
2026-09-11,USDCLP,976.18
2026-09-11,BTP30,5.5175
2026-09-11,TREASURY 10Y,4.2931
2026-09-14,USDCLP,975.15
2026-09-14,BTP30,5.5461
2026-09-14,TREASURY 10Y,4.303
2026-09-15,USDCLP,971.35
2026-09-15,BTP30,5.5383
2026-09-15,TREASURY 10Y,4.3118
2026-09-16,USDCLP,968.39
2026-09-16,BTP30,5.5644
2026-09-16,TREASURY 10Y,4.3083
2026-09-17,USDCLP,971.36
2026-09-17,BTP30,5.5645
2026-09-17,TREASURY 10Y,4.3
2026-09-18,USDCLP,970.53
2026-09-18,BTP30,5.5742
2026-09-18,TREASURY 10Y,4.3011
2026-09-21,USDCLP,971.89
2026-09-21,BTP30,5.5806
2026-09-21,TREASURY 10Y,4.2911
2026-09-22,USDCLP,976.09
2026-09-22,BTP30,5.5768
2026-09-22,TREASURY 10Y,4.3088
2026-09-23,USDCLP,975.65
2026-09-23,BTP30,5.5813
2026-09-23,TREASURY 10Y,4.2923
2026-09-24,USDCLP,975.4
2026-09-24,BTP30,5.5575
2026-09-24,TREASURY 10Y,4.2987
2026-09-25,USDCLP,976.0
2026-09-25,BTP30,5.5704
2026-09-25,TREASURY 10Y,4.3099
